date,channel,footfall_or_sessions,purchases,returns,sales_value,returns_value,weekday,is_weekend,is_holiday,promo_flag,weather_score
2026-01-01,store,1544,101,2,12524,248,Thursday,False,0,1,8
2026-01-01,online,2482,267,18,53133,3582,Thursday,False,0,1,8
2026-01-02,store,885,60,1,6420,107,Friday,False,0,0,6
2026-01-02,online,1021,31,1,1984,64,Friday,False,0,0,6
2026-01-03,store,2120,231,4,23100,400,Saturday,True,0,0,3
2026-01-03,online,1646,74,3,8066,327,Saturday,True,0,0,3
2026-01-04,store,1276,93,2,5301,114,Sunday,True,0,0,10
2026-01-04,online,1034,115,6,5865,306,Sunday,True,0,0,10
2026-01-05,store,1202,161,5,10143,315,Monday,False,0,0,4
2026-01-05,online,4934,557,29,49573,2581,Monday,False,0,0,4
2026-01-06,store,1291,110,3,19030,519,Tuesday,False,0,0,5
2026-01-06,online,1492,0,0,0,0,Tuesday,False,0,0,5
2026-01-07,store,2593,133,3,24605,555,Wednesday,False,1,0,8
2026-01-07,online,2698,272,18,24480,1620,Wednesday,False,1,0,8
2026-01-08,store,2022,113,3,9718,258,Thursday,False,1,1,2
2026-01-08,online,3146,261,15,39150,2250,Thursday,False,1,1,2
2026-01-09,store,2263,166,4,12616,304,Friday,False,1,1,5
2026-01-09,online,1392,130,6,14560,672,Friday,False,1,1,5
2026-01-10,store,1180,88,2,6864,156,Saturday,True,0,0,4
2026-01-10,online,2059,236,16,18172,1232,Saturday,True,0,0,4
2026-01-11,store,2358,323,14,30039,1302,Sunday,True,1,1,9
2026-01-11,online,2363,260,17,36660,2397,Sunday,True,1,1,9
2026-01-12,store,1900,218,4,11336,208,Monday,False,0,1,1
2026-01-12,online,4430,198,13,19800,1300,Monday,False,0,1,1
2026-01-13,store,1995,240,7,24240,707,Tuesday,False,0,0,6
2026-01-13,online,2291,120,7,19440,1134,Tuesday,False,0,0,6
2026-01-14,store,1483,135,2,24030,356,Wednesday,False,1,0,2
2026-01-14,online,4474,408,26,47736,3042,Wednesday,False,1,0,2
2026-01-15,store,1266,164,5,24108,735,Thursday,False,0,0,1
2026-01-15,online,1197,78,5,13494,865,Thursday,False,0,0,1
2026-01-16,store,1159,95,2,13205,278,Friday,False,0,0,3
2026-01-16,online,2986,0,0,0,0,Friday,False,0,0,3
2026-01-17,store,1305,174,7,15834,637,Saturday,True,1,0,7
2026-01-17,online,2634,133,7,14497,763,Saturday,True,1,0,7
2026-01-18,store,1872,258,6,38184,888,Sunday,True,0,1,5
2026-01-18,online,2682,255,19,43095,3211,Sunday,True,0,1,5
2026-01-19,store,1943,271,10,43631,1610,Monday,False,0,1,1
2026-01-19,online,3557,407,32,64713,5088,Monday,False,0,1,1
2026-01-20,store,660,34,1,3298,97,Tuesday,False,0,0,9
2026-01-20,online,4987,314,22,55578,3894,Tuesday,False,0,0,9
2026-01-21,store,969,74,2,6438,174,Wednesday,False,0,0,3
2026-01-21,online,3277,214,16,14980,1120,Wednesday,False,0,0,3
2026-01-22,store,952,69,2,3657,106,Thursday,False,0,0,1
2026-01-22,online,1546,153,7,14535,665,Thursday,False,0,0,1
2026-01-23,store,2028,289,9,41616,1296,Friday,False,1,0,9
2026-01-23,online,4170,493,25,57188,2900,Friday,False,1,0,9
2026-01-24,store,1282,183,4,29829,652,Saturday,True,0,0,6
2026-01-24,online,4359,394,23,70526,4117,Saturday,True,0,0,6
2026-01-25,store,894,76,2,5700,150,Sunday,True,0,1,9
2026-01-25,online,2890,0,0,0,0,Sunday,True,0,1,9
2026-01-26,store,820,46,1,8786,191,Monday,False,0,0,4
2026-01-26,online,1971,216,10,17496,810,Monday,False,0,0,4
2026-01-27,store,1074,159,7,17013,749,Tuesday,False,0,0,9
2026-01-27,online,4413,231,11,34650,1650,Tuesday,False,0,0,9
2026-01-28,store,1626,95,2,15675,330,Wednesday,False,0,0,5
2026-01-28,online,4421,347,23,21514,1426,Wednesday,False,0,0,5
2026-01-29,store,1502,135,4,14445,428,Thursday,False,1,0,3
2026-01-29,online,2974,0,0,0,0,Thursday,False,1,0,3
2026-01-30,store,1581,223,7,32335,1015,Friday,False,0,0,1
2026-01-30,online,4709,181,10,32218,1780,Friday,False,0,0,1
2026-01-31,store,2010,247,5,47671,965,Saturday,True,1,0,5
2026-01-31,online,4506,0,0,0,0,Saturday,True,1,0,5
2026-02-01,store,1142,111,2,14874,268,Sunday,True,0,0,4
2026-02-01,online,1550,94,6,5546,354,Sunday,True,0,0,4
2026-02-02,store,2269,116,5,16820,725,Monday,False,1,1,4
2026-02-02,online,3816,299,21,38571,2709,Monday,False,1,1,4
2026-02-03,store,1189,127,3,19050,450,Tuesday,False,0,0,4
2026-02-03,online,2291,148,11,13764,1023,Tuesday,False,0,0,4
2026-02-04,store,1776,105,4,13650,520,Wednesday,False,0,0,2
2026-02-04,online,1089,0,0,0,0,Wednesday,False,0,0,2
2026-02-05,store,1325,158,6,26702,1014,Thursday,False,0,0,4
2026-02-05,online,4491,303,23,45450,3450,Thursday,False,0,0,4
2026-02-06,store,1622,148,4,21460,580,Friday,False,0,1,1
2026-02-06,online,2687,290,19,17980,1178,Friday,False,0,1,1
2026-02-07,store,673,67,2,12730,380,Saturday,True,0,0,1
2026-02-07,online,1698,66,3,12936,588,Saturday,True,0,0,1
2026-02-08,store,1620,160,3,18880,354,Sunday,True,0,0,4
2026-02-08,online,4170,351,23,35802,2346,Sunday,True,0,0,4
2026-02-09,store,1565,230,11,39330,1881,Monday,False,0,0,5
2026-02-09,online,2156,207,13,25875,1625,Monday,False,0,0,5
2026-02-10,store,1776,237,7,44082,1302,Tuesday,False,0,1,1
2026-02-10,online,3993,440,23,58080,3036,Tuesday,False,0,1,1
2026-02-11,store,999,73,3,6862,282,Wednesday,False,0,1,6
2026-02-11,online,2155,132,9,20724,1413,Wednesday,False,0,1,6
2026-02-12,store,538,50,1,8750,175,Thursday,False,0,0,10
2026-02-12,online,2081,201,14,10050,700,Thursday,False,0,0,10
2026-02-13,store,1714,167,3,27722,498,Friday,False,0,0,9
2026-02-13,online,1133,115,9,11040,864,Friday,False,0,0,9
2026-02-14,store,2100,251,5,24096,480,Saturday,True,0,0,5
2026-02-14,online,2256,111,6,11433,618,Saturday,True,0,0,5
2026-02-15,store,1764,137,6,20687,906,Sunday,True,0,1,9
2026-02-15,online,4019,159,9,22101,1251,Sunday,True,0,1,9
2026-02-16,store,540,41,1,7954,194,Monday,False,0,0,5
2026-02-16,online,2224,128,9,24320,1710,Monday,False,0,0,5
2026-02-17,store,1796,220,8,12980,472,Tuesday,False,1,1,2
2026-02-17,online,3871,421,28,34522,2296,Tuesday,False,1,1,2
2026-02-18,store,1352,168,5,18144,540,Wednesday,False,0,0,1
2026-02-18,online,3842,0,0,0,0,Wednesday,False,0,0,1
2026-02-19,store,1017,121,4,22022,728,Thursday,False,0,0,7
2026-02-19,online,2893,324,21,42768,2772,Thursday,False,0,0,7
2026-02-20,store,550,42,1,6804,162,Friday,False,0,0,1
2026-02-20,online,1487,0,0,0,0,Friday,False,0,0,1
2026-02-21,store,1524,155,7,15965,721,Saturday,True,0,0,6
2026-02-21,online,1235,99,7,15939,1127,Saturday,True,0,0,6
2026-02-22,store,1622,184,8,27968,1216,Sunday,True,0,0,5
2026-02-22,online,4493,384,30,50304,3930,Sunday,True,0,0,5
2026-02-23,store,1831,191,6,24448,768,Monday,False,0,0,2
2026-02-23,online,2019,114,7,8892,546,Monday,False,0,0,2
2026-02-24,store,1284,97,3,8051,249,Tuesday,False,0,1,10
2026-02-24,online,4845,360,21,59040,3444,Tuesday,False,0,1,10
2026-02-25,store,1399,95,2,13775,290,Wednesday,False,0,0,6
2026-02-25,online,4266,325,25,32500,2500,Wednesday,False,0,0,6
2026-02-26,store,1033,60,1,3660,61,Thursday,False,0,0,10
2026-02-26,online,3393,374,20,45628,2440,Thursday,False,0,0,10
2026-02-27,store,738,74,1,7178,97,Friday,False,0,0,6
2026-02-27,online,4644,0,0,0,0,Friday,False,0,0,6
2026-02-28,store,1470,108,4,13716,508,Saturday,True,0,1,8
2026-02-28,online,4287,0,0,0,0,Saturday,True,0,1,8
2026-03-01,store,1498,187,3,12529,201,Sunday,True,0,0,7
2026-03-01,online,4577,0,0,0,0,Sunday,True,0,0,7
2026-03-02,store,1796,127,3,11811,279,Monday,False,0,0,7
2026-03-02,online,1536,169,11,19604,1276,Monday,False,0,0,7
2026-03-03,store,610,75,2,12150,324,Tuesday,False,0,0,4
2026-03-03,online,3795,157,9,11775,675,Tuesday,False,0,0,4
2026-03-04,store,1900,140,3,16660,357,Wednesday,False,0,0,6
2026-03-04,online,2526,0,0,0,0,Wednesday,False,0,0,6
2026-03-05,store,1258,69,1,5865,85,Thursday,False,0,0,9
2026-03-05,online,1919,76,4,4028,212,Thursday,False,0,0,9
2026-03-06,store,1446,190,7,35150,1295,Friday,False,0,1,8
2026-03-06,online,4097,226,16,37742,2672,Friday,False,0,1,8
2026-03-07,store,734,75,3,14325,573,Saturday,True,0,0,4
2026-03-07,online,1319,49,3,6174,378,Saturday,True,0,0,4
2026-03-08,store,610,63,2,11277,358,Sunday,True,0,0,2
2026-03-08,online,3060,0,0,0,0,Sunday,True,0,0,2
2026-03-09,store,1942,164,7,18204,777,Monday,False,0,0,8
2026-03-09,online,1235,82,6,10250,750,Monday,False,0,0,8
2026-03-10,store,1872,119,5,7497,315,Tuesday,False,0,1,6
2026-03-10,online,2851,127,6,21844,1032,Tuesday,False,0,1,6
2026-03-11,store,1565,139,6,12232,528,Wednesday,False,0,1,9
2026-03-11,online,1615,103,6,7416,432,Wednesday,False,0,1,9
2026-03-12,store,1748,155,5,15810,510,Thursday,False,0,0,1
2026-03-12,online,4687,237,15,27492,1740,Thursday,False,0,0,1
2026-03-13,store,1538,212,7,18444,609,Friday,False,0,0,4
2026-03-13,online,4512,261,14,35235,1890,Friday,False,0,0,4
2026-03-14,store,1636,98,3,9408,288,Saturday,True,0,0,10
2026-03-14,online,3275,232,15,42920,2775,Saturday,True,0,0,10
2026-03-15,store,2320,264,10,22440,850,Sunday,True,0,0,2
2026-03-15,online,1793,94,5,11562,615,Sunday,True,0,0,2
2026-03-16,store,1314,103,3,19570,570,Monday,False,0,0,7
2026-03-16,online,4687,0,0,0,0,Monday,False,0,0,7
2026-03-17,store,1507,180,8,21780,968,Tuesday,False,0,1,4
2026-03-17,online,1126,49,3,4900,300,Tuesday,False,0,1,4
2026-03-18,store,1278,121,2,23958,396,Wednesday,False,0,1,6
2026-03-18,online,4417,465,24,52080,2688,Wednesday,False,0,1,6
2026-03-19,store,1954,108,3,11448,318,Thursday,False,0,0,5
2026-03-19,online,1116,94,5,13066,695,Thursday,False,0,0,5
2026-03-20,store,1266,156,5,24492,785,Friday,False,1,0,2
2026-03-20,online,1762,75,4,10275,548,Friday,False,1,0,2
2026-03-21,store,1398,71,2,9230,260,Saturday,True,0,0,6
2026-03-21,online,2107,150,10,16800,1120,Saturday,True,0,0,6
2026-03-22,store,2595,232,7,25752,777,Sunday,True,1,0,1
2026-03-22,online,3079,222,15,42846,2895,Sunday,True,1,0,1
2026-03-23,store,1698,174,6,28188,972,Monday,False,0,0,3
2026-03-23,online,3161,0,0,0,0,Monday,False,0,0,3
2026-03-24,store,1299,100,4,17300,692,Tuesday,False,0,0,3
2026-03-24,online,3134,370,27,21090,1539,Tuesday,False,0,0,3
2026-03-25,store,942,94,3,10904,348,Wednesday,False,0,0,8
2026-03-25,online,4122,0,0,0,0,Wednesday,False,0,0,8
2026-03-26,store,1313,174,5,33234,955,Thursday,False,0,0,8
2026-03-26,online,3782,223,11,29882,1474,Thursday,False,0,0,8
2026-03-27,store,1808,166,7,15936,672,Friday,False,0,0,4
2026-03-27,online,3756,228,13,38304,2184,Friday,False,0,0,4
2026-03-28,store,2134,224,7,33152,1036,Saturday,True,0,0,6
2026-03-28,online,2523,0,0,0,0,Saturday,True,0,0,6
2026-03-29,store,752,51,1,3213,63,Sunday,True,0,1,7
2026-03-29,online,1520,119,8,8449,568,Sunday,True,0,1,7
2026-03-30,store,528,35,0,4340,0,Monday,False,0,1,10
2026-03-30,online,3885,436,23,36188,1909,Monday,False,0,1,10
2026-03-31,store,1087,76,1,5776,76,Tuesday,False,0,0,10
2026-03-31,online,4896,264,18,26928,1836,Tuesday,False,0,0,10
2026-04-01,store,1480,130,4,14690,452,Wednesday,False,0,1,10
2026-04-01,online,1129,0,0,0,0,Wednesday,False,0,1,10
2026-04-02,store,1819,170,8,14960,704,Thursday,False,0,0,5
2026-04-02,online,3791,306,19,60894,3781,Thursday,False,0,0,5
2026-04-03,store,1250,95,3,12350,390,Friday,False,0,0,4
2026-04-03,online,4005,464,25,56608,3050,Friday,False,0,0,4
2026-04-04,store,672,79,2,6952,176,Saturday,True,0,0,9
2026-04-04,online,4874,505,37,76255,5587,Saturday,True,0,0,9
2026-04-05,store,1747,225,9,21600,864,Sunday,True,0,0,1
2026-04-05,online,1011,79,6,15642,1188,Sunday,True,0,0,1
2026-04-06,store,1723,129,4,24768,768,Monday,False,0,0,6
2026-04-06,online,4642,0,0,0,0,Monday,False,0,0,6
2026-04-07,store,1480,144,4,18432,512,Tuesday,False,0,1,7
2026-04-07,online,1628,0,0,0,0,Tuesday,False,0,1,7
2026-04-08,store,1434,136,4,20672,608,Wednesday,False,0,0,4
2026-04-08,online,2296,203,12,19082,1128,Wednesday,False,0,0,4
2026-04-09,store,1485,181,3,11584,192,Thursday,False,0,0,8
2026-04-09,online,4959,389,28,25285,1820,Thursday,False,0,0,8
2026-04-10,store,810,77,3,4774,186,Friday,False,0,1,2
2026-04-10,online,4212,0,0,0,0,Friday,False,0,1,2
2026-04-11,store,1171,62,2,4030,130,Saturday,True,0,0,1
2026-04-11,online,4511,0,0,0,0,Saturday,True,0,0,1
2026-04-12,store,602,58,1,6786,117,Sunday,True,0,0,1
2026-04-12,online,1145,0,0,0,0,Sunday,True,0,0,1
2026-04-13,store,2427,151,7,12986,602,Monday,False,1,0,1
2026-04-13,online,3108,165,11,18480,1232,Monday,False,1,0,1
2026-04-14,store,2178,270,5,32670,605,Tuesday,False,1,0,2
2026-04-14,online,4731,498,28,79182,4452,Tuesday,False,1,0,2
2026-04-15,store,1436,98,4,5390,220,Wednesday,False,0,0,10
2026-04-15,online,4588,161,12,23828,1776,Wednesday,False,0,0,10
2026-04-16,store,918,115,4,5980,208,Thursday,False,0,0,10
2026-04-16,online,1159,83,5,11454,690,Thursday,False,0,0,10
2026-04-17,store,1790,246,6,19188,468,Friday,False,0,0,2
2026-04-17,online,4720,0,0,0,0,Friday,False,0,0,2
2026-04-18,store,1779,133,2,24206,364,Saturday,True,0,1,2
2026-04-18,online,2199,164,8,12628,616,Saturday,True,0,1,2
2026-04-19,store,2188,214,8,24824,928,Sunday,True,0,1,8
2026-04-19,online,2591,232,15,19024,1230,Sunday,True,0,1,8
2026-04-20,store,591,79,3,4898,186,Monday,False,0,0,8
2026-04-20,online,1362,0,0,0,0,Monday,False,0,0,8
2026-04-21,store,1056,144,3,10368,216,Tuesday,False,0,0,5
2026-04-21,online,1425,59,3,7729,393,Tuesday,False,0,0,5
2026-04-22,store,1747,102,3,6732,198,Wednesday,False,0,1,7
2026-04-22,online,1359,72,4,8568,476,Wednesday,False,0,1,7
2026-04-23,store,1747,234,7,29952,896,Thursday,False,0,0,9
2026-04-23,online,2245,219,16,25623,1872,Thursday,False,0,0,9
2026-04-24,store,900,97,2,16393,338,Friday,False,0,0,6
2026-04-24,online,3257,353,27,61422,4698,Friday,False,0,0,6
2026-04-25,store,1653,163,7,17441,749,Saturday,True,0,0,1
2026-04-25,online,3006,210,12,31080,1776,Saturday,True,0,0,1
2026-04-26,store,1555,185,4,33115,716,Sunday,True,0,0,7
2026-04-26,online,2710,247,17,32110,2210,Sunday,True,0,0,7
2026-04-27,store,1042,95,3,5225,165,Monday,False,1,0,5
2026-04-27,online,2682,146,11,25258,1903,Monday,False,1,0,5
2026-04-28,store,1508,173,5,11072,320,Tuesday,False,0,0,3
2026-04-28,online,3539,256,20,49664,3880,Tuesday,False,0,0,3
2026-04-29,store,698,78,1,5694,73,Wednesday,False,0,0,2
2026-04-29,online,4899,573,31,37818,2046,Wednesday,False,0,0,2
2026-04-30,store,1516,100,3,16600,498,Thursday,False,0,0,9
2026-04-30,online,3433,349,20,42229,2420,Thursday,False,0,0,9
2026-05-01,store,1889,278,11,16680,660,Friday,False,0,0,2
2026-05-01,online,2324,228,17,13680,1020,Friday,False,0,0,2
2026-05-02,store,1304,193,4,24897,516,Saturday,True,0,0,1
2026-05-02,online,2333,199,14,29054,2044,Saturday,True,0,0,1
2026-05-03,store,1305,75,2,11400,304,Sunday,True,0,0,1
2026-05-03,online,1089,100,7,16800,1176,Sunday,True,0,0,1
2026-05-04,store,1134,60,2,9120,304,Monday,False,0,1,3
2026-05-04,online,3270,257,18,36237,2538,Monday,False,0,1,3
2026-05-05,store,958,133,4,14231,428,Tuesday,False,0,0,7
2026-05-05,online,1021,72,4,11160,620,Tuesday,False,0,0,7
2026-05-06,store,1408,137,5,26852,980,Wednesday,False,0,0,7
2026-05-06,online,4638,335,24,34170,2448,Wednesday,False,0,0,7
2026-05-07,store,1413,162,4,17010,420,Thursday,False,0,0,2
2026-05-07,online,3920,291,15,41322,2130,Thursday,False,0,0,2
2026-05-08,store,1855,125,6,9125,438,Friday,False,0,0,7
2026-05-08,online,1403,121,8,11979,792,Friday,False,0,0,7
2026-05-09,store,2127,260,8,29900,920,Saturday,True,0,0,4
2026-05-09,online,3382,375,23,61500,3772,Saturday,True,0,0,4
2026-05-10,store,2112,203,9,30044,1332,Sunday,True,0,0,3
2026-05-10,online,1793,169,13,10647,819,Sunday,True,0,0,3
2026-05-11,store,1955,183,4,31842,696,Monday,False,1,0,5
2026-05-11,online,2646,220,14,26180,1666,Monday,False,1,0,5
2026-05-12,store,1686,195,5,18330,470,Tuesday,False,0,0,2
2026-05-12,online,3966,0,0,0,0,Tuesday,False,0,0,2
2026-05-13,store,1343,178,5,12282,345,Wednesday,False,0,0,10
2026-05-13,online,2799,239,17,18403,1309,Wednesday,False,0,0,10
2026-05-14,store,1727,168,7,15624,651,Thursday,False,0,0,5
2026-05-14,online,2847,235,17,46295,3349,Thursday,False,0,0,5
2026-05-15,store,1543,85,3,7140,252,Friday,False,0,0,5
2026-05-15,online,1197,0,0,0,0,Friday,False,0,0,5
2026-05-16,store,1430,140,5,24500,875,Saturday,True,0,0,4
2026-05-16,online,1216,106,8,9222,696,Saturday,True,0,0,4
2026-05-17,store,2230,321,13,18297,741,Sunday,True,0,0,4
2026-05-17,online,3033,142,10,21442,1510,Sunday,True,0,0,4
2026-05-18,store,1716,229,11,37327,1793,Monday,False,0,0,2
2026-05-18,online,4216,441,33,53361,3993,Monday,False,0,0,2
2026-05-19,store,1670,240,10,23280,970,Tuesday,False,0,1,1
2026-05-19,online,2092,171,10,19152,1120,Tuesday,False,0,1,1
2026-05-20,store,1414,111,2,16317,294,Wednesday,False,1,0,9
2026-05-20,online,4452,440,34,57640,4454,Wednesday,False,1,0,9
2026-05-21,store,1867,148,5,28416,960,Thursday,False,0,0,1
2026-05-21,online,4136,260,16,28340,1744,Thursday,False,0,0,1
2026-05-22,store,790,57,1,8436,148,Friday,False,0,0,1
2026-05-22,online,4015,361,24,18772,1248,Friday,False,0,0,1
2026-05-23,store,1143,161,7,9821,427,Saturday,True,0,1,2
2026-05-23,online,2156,142,9,9088,576,Saturday,True,0,1,2
2026-05-24,store,1035,150,3,23400,468,Sunday,True,0,0,2
2026-05-24,online,2014,222,11,18870,935,Sunday,True,0,0,2
2026-05-25,store,832,70,1,12180,174,Monday,False,1,0,5
2026-05-25,online,1963,104,6,8736,504,Monday,False,1,0,5
2026-05-26,store,501,38,1,5244,138,Tuesday,False,0,0,2
2026-05-26,online,1349,62,4,11780,760,Tuesday,False,0,0,2
2026-05-27,store,944,71,3,11857,501,Wednesday,False,0,0,1
2026-05-27,online,2798,289,17,27744,1632,Wednesday,False,0,0,1
2026-05-28,store,2340,323,8,18734,464,Thursday,False,1,0,6
2026-05-28,online,2806,238,14,28798,1694,Thursday,False,1,0,6
2026-05-29,store,549,67,3,9246,414,Friday,False,0,0,5
2026-05-29,online,1145,113,6,13334,708,Friday,False,0,0,5
2026-05-30,store,1406,100,2,8600,172,Saturday,True,0,0,2
2026-05-30,online,4726,239,13,30353,1651,Saturday,True,0,0,2
2026-05-31,store,1522,117,4,22815,780,Sunday,True,0,0,9
2026-05-31,online,4906,342,21,24966,1533,Sunday,True,0,0,9
2026-06-01,store,1625,175,4,14875,340,Monday,False,0,0,10
2026-06-01,online,1743,153,10,22338,1460,Monday,False,0,0,10
2026-06-02,store,1060,141,5,10716,380,Tuesday,False,0,0,4
2026-06-02,online,1159,91,6,8463,558,Tuesday,False,0,0,4
2026-06-03,store,1653,246,9,20664,756,Wednesday,False,0,0,6
2026-06-03,online,3401,238,14,20230,1190,Wednesday,False,0,0,6
2026-06-04,store,1053,109,2,18530,340,Thursday,False,1,0,9
2026-06-04,online,3102,304,18,15808,936,Thursday,False,1,0,9
2026-06-05,store,2115,109,4,17113,628,Friday,False,1,0,3
2026-06-05,online,3368,356,23,28836,1863,Friday,False,1,0,3
2026-06-06,store,1484,83,1,13529,163,Saturday,True,0,1,6
2026-06-06,online,3796,236,12,29264,1488,Saturday,True,0,1,6
2026-06-07,store,2062,283,7,56317,1393,Sunday,True,0,0,10
2026-06-07,online,3190,380,28,37240,2744,Sunday,True,0,0,10
2026-06-08,store,1681,231,10,42273,1830,Monday,False,0,1,3
2026-06-08,online,4138,0,0,0,0,Monday,False,0,1,3
2026-06-09,store,1430,120,5,7080,295,Tuesday,False,0,0,2
2026-06-09,online,2560,209,13,30096,1872,Tuesday,False,0,0,2
2026-06-10,store,737,49,1,8967,183,Wednesday,False,0,0,6
2026-06-10,online,2048,184,9,13616,666,Wednesday,False,0,0,6
2026-06-11,store,1488,90,3,12780,426,Thursday,False,0,0,4
2026-06-11,online,1042,89,6,4806,324,Thursday,False,0,0,4
2026-06-12,store,881,131,2,13755,210,Friday,False,0,0,2
2026-06-12,online,2486,0,0,0,0,Friday,False,0,0,2
2026-06-13,store,914,108,2,5724,106,Saturday,True,0,0,3
2026-06-13,online,2795,334,24,33734,2424,Saturday,True,0,0,3
2026-06-14,store,2104,257,11,28527,1221,Sunday,True,0,0,6
2026-06-14,online,1767,83,5,5229,315,Sunday,True,0,0,6
2026-06-15,store,1009,75,1,14850,198,Monday,False,0,0,5
2026-06-15,online,3293,333,22,56277,3718,Monday,False,0,0,5
2026-06-16,store,741,83,2,15604,376,Tuesday,False,0,0,5
2026-06-16,online,1702,0,0,0,0,Tuesday,False,0,0,5
2026-06-17,store,1243,162,6,14742,546,Wednesday,False,0,1,2
2026-06-17,online,3068,0,0,0,0,Wednesday,False,0,1,2
2026-06-18,store,1071,61,1,6527,107,Thursday,False,0,1,2
2026-06-18,online,3279,234,16,29952,2048,Thursday,False,0,1,2
2026-06-19,store,1080,133,4,19950,600,Friday,False,0,0,3
2026-06-19,online,2031,68,3,10744,474,Friday,False,0,0,3
2026-06-20,store,776,96,2,15264,318,Saturday,True,0,0,1
2026-06-20,online,4299,264,19,20328,1463,Saturday,True,0,0,1
2026-06-21,store,1018,135,2,25245,374,Sunday,True,0,0,5
2026-06-21,online,2573,96,6,17760,1110,Sunday,True,0,0,5
2026-06-22,store,962,67,1,11725,175,Monday,False,0,0,2
2026-06-22,online,3883,387,26,63081,4238,Monday,False,0,0,2
2026-06-23,store,1269,139,5,20016,720,Tuesday,False,0,0,8
2026-06-23,online,4983,0,0,0,0,Tuesday,False,0,0,8
2026-06-24,store,987,91,3,14833,489,Wednesday,False,0,1,7
2026-06-24,online,3837,209,16,33858,2592,Wednesday,False,0,1,7
2026-06-25,store,538,72,3,4824,201,Thursday,False,0,0,7
2026-06-25,online,3196,313,19,47889,2907,Thursday,False,0,0,7
2026-06-26,store,1161,172,8,13416,624,Friday,False,0,0,6
2026-06-26,online,4852,217,11,16492,836,Friday,False,0,0,6
2026-06-27,store,915,77,2,11242,292,Saturday,True,1,0,7
2026-06-27,online,3743,318,16,25122,1264,Saturday,True,1,0,7
2026-06-28,store,1960,129,4,15609,484,Sunday,True,0,0,5
2026-06-28,online,3176,307,23,34691,2599,Sunday,True,0,0,5
2026-06-29,store,1928,237,9,27255,1035,Monday,False,0,0,10
2026-06-29,online,3984,254,16,35306,2224,Monday,False,0,0,10
2026-06-30,store,1941,244,9,47092,1737,Tuesday,False,0,1,9
2026-06-30,online,2778,293,18,53033,3258,Tuesday,False,0,1,9
2026-07-01,store,1035,74,1,7622,103,Wednesday,False,0,0,10
2026-07-01,online,3023,139,7,14734,742,Wednesday,False,0,0,10
2026-07-02,store,1015,102,4,13158,516,Thursday,False,0,0,7
2026-07-02,online,3745,301,20,39431,2620,Thursday,False,0,0,7
2026-07-03,store,1842,106,2,16748,316,Friday,False,0,0,3
2026-07-03,online,2099,211,15,14348,1020,Friday,False,0,0,3
2026-07-04,store,734,68,1,11220,165,Saturday,True,0,0,7
2026-07-04,online,2136,179,12,29893,2004,Saturday,True,0,0,7
2026-07-05,store,1390,178,4,17088,384,Sunday,True,0,0,4
2026-07-05,online,3125,303,21,35754,2478,Sunday,True,0,0,4
2026-07-06,store,1472,176,6,29392,1002,Monday,False,0,0,2
2026-07-06,online,3028,280,21,54880,4116,Monday,False,0,0,2
2026-07-07,store,1080,144,3,14112,294,Tuesday,False,0,0,3
2026-07-07,online,3964,0,0,0,0,Tuesday,False,0,0,3
2026-07-08,store,1430,133,5,15827,595,Wednesday,False,0,0,2
2026-07-08,online,3856,0,0,0,0,Wednesday,False,0,0,2
2026-07-09,store,1224,69,1,9315,135,Thursday,False,0,0,4
2026-07-09,online,2243,122,7,22814,1309,Thursday,False,0,0,4
2026-07-10,store,704,54,1,8424,156,Friday,False,0,0,10
2026-07-10,online,3643,312,20,17472,1120,Friday,False,0,0,10
2026-07-11,store,2071,303,11,59994,2178,Saturday,True,0,0,8
2026-07-11,online,2449,255,18,27285,1926,Saturday,True,0,0,8
2026-07-12,store,2313,193,5,25862,670,Sunday,True,1,0,7
2026-07-12,online,1383,0,0,0,0,Sunday,True,1,0,7
2026-07-13,store,826,97,3,10670,330,Monday,False,0,0,9
2026-07-13,online,1572,0,0,0,0,Monday,False,0,0,9
2026-07-14,store,697,93,3,5022,162,Tuesday,False,0,0,6
2026-07-14,online,2537,0,0,0,0,Tuesday,False,0,0,6
2026-07-15,store,1609,127,5,11049,435,Wednesday,False,0,0,7
2026-07-15,online,2979,184,14,18032,1372,Wednesday,False,0,0,7
2026-07-16,store,1677,139,5,26688,960,Thursday,False,0,0,4
2026-07-16,online,3423,141,9,8883,567,Thursday,False,0,0,4
2026-07-17,store,1549,163,5,29340,900,Friday,False,0,0,10
2026-07-17,online,2991,165,10,11880,720,Friday,False,0,0,10
2026-07-18,store,1449,212,5,26076,615,Saturday,True,0,0,3
2026-07-18,online,1007,56,4,7504,536,Saturday,True,0,0,3
2026-07-19,store,2079,136,5,8296,305,Sunday,True,0,0,8
2026-07-19,online,3433,200,15,32600,2445,Sunday,True,0,0,8
2026-07-20,store,1514,103,4,17819,692,Monday,False,0,0,1
2026-07-20,online,1687,73,4,4964,272,Monday,False,0,0,1
2026-07-21,store,1539,229,7,16030,490,Tuesday,False,0,1,7
2026-07-21,online,1669,145,7,15660,756,Tuesday,False,0,1,7
2026-07-22,store,630,64,2,11200,350,Wednesday,False,0,0,9
2026-07-22,online,4069,389,21,64185,3465,Wednesday,False,0,0,9
2026-07-23,store,2493,349,13,62820,2340,Thursday,False,1,0,9
2026-07-23,online,1587,95,5,7885,415,Thursday,False,1,0,9
2026-07-24,store,1598,183,7,36417,1393,Friday,False,0,0,10
2026-07-24,online,3320,351,22,28782,1804,Friday,False,0,0,10
2026-07-25,store,1178,139,3,27383,591,Saturday,True,0,0,2
2026-07-25,online,1123,0,0,0,0,Saturday,True,0,0,2
2026-07-26,store,770,54,1,8964,166,Sunday,True,0,1,6
2026-07-26,online,1948,172,13,15136,1144,Sunday,True,0,1,6
2026-07-27,store,1638,230,9,32200,1260,Monday,False,0,0,2
2026-07-27,online,2377,166,10,20086,1210,Monday,False,0,0,2
2026-07-28,store,780,71,1,10721,151,Tuesday,False,0,0,4
2026-07-28,online,2750,114,8,20520,1440,Tuesday,False,0,0,4
2026-07-29,store,672,98,4,16954,692,Wednesday,False,0,1,4
2026-07-29,online,2398,186,12,31434,2028,Wednesday,False,0,1,4
2026-07-30,store,964,71,1,11999,169,Thursday,False,0,0,8
2026-07-30,online,3867,220,14,27940,1778,Thursday,False,0,0,8
2026-07-31,store,1487,201,8,31959,1272,Friday,False,0,0,4
2026-07-31,online,2621,0,0,0,0,Friday,False,0,0,4
2026-08-01,store,1846,307,14,21183,966,Saturday,True,0,0,3
2026-08-01,online,5526,594,31,67716,3534,Saturday,True,0,0,3
2026-08-02,store,1124,185,6,18685,606,Sunday,True,0,0,8
2026-08-02,online,4342,247,19,25688,1976,Sunday,True,0,0,8
2026-08-03,store,741,89,3,13706,462,Monday,False,0,0,6
2026-08-03,online,3569,0,0,0,0,Monday,False,0,0,6
2026-08-04,store,2273,269,9,51379,1719,Tuesday,False,0,1,3
2026-08-04,online,2818,239,15,38718,2430,Tuesday,False,0,1,3
2026-08-05,store,1259,142,4,14626,412,Wednesday,False,0,0,1
2026-08-05,online,3967,275,20,29700,2160,Wednesday,False,0,0,1
2026-08-06,store,1657,123,3,15375,375,Thursday,False,0,1,3
2026-08-06,online,1933,250,17,38000,2584,Thursday,False,0,1,3
2026-08-07,store,2234,124,5,16492,665,Friday,False,1,0,9
2026-08-07,online,4910,0,0,0,0,Friday,False,1,0,9
2026-08-08,store,1284,91,2,14014,308,Saturday,True,0,0,1
2026-08-08,online,1323,101,6,17170,1020,Saturday,True,0,0,1
2026-08-09,store,1770,285,10,14535,510,Sunday,True,0,0,6
2026-08-09,online,2503,258,17,38700,2550,Sunday,True,0,0,6
2026-08-10,store,2121,354,7,52392,1036,Monday,False,0,0,9
2026-08-10,online,5660,368,21,47104,2688,Monday,False,0,0,9
2026-08-11,store,1928,263,10,14728,560,Tuesday,False,0,0,10
2026-08-11,online,5501,218,15,42510,2925,Tuesday,False,0,0,10
2026-08-12,store,1618,217,8,24738,912,Wednesday,False,0,0,1
2026-08-12,online,2458,249,13,30876,1612,Wednesday,False,0,0,1
2026-08-13,store,952,105,2,20160,384,Thursday,False,0,0,6
2026-08-13,online,1397,101,7,13736,952,Thursday,False,0,0,6
2026-08-14,store,981,63,2,4473,142,Friday,False,0,1,9
2026-08-14,online,1287,172,11,23392,1496,Friday,False,0,1,9
2026-08-15,store,1746,125,3,19000,456,Saturday,True,0,0,3
2026-08-15,online,2069,150,10,28200,1880,Saturday,True,0,0,3
2026-08-16,store,862,88,3,5016,171,Sunday,True,0,0,3
2026-08-16,online,2956,355,25,52185,3675,Sunday,True,0,0,3
2026-08-17,store,1105,138,2,8418,122,Monday,False,0,0,6
2026-08-17,online,3376,175,11,26425,1661,Monday,False,0,0,6
2026-08-18,store,1052,144,6,18864,786,Tuesday,False,0,0,7
2026-08-18,online,1947,262,19,31964,2318,Tuesday,False,0,0,7
2026-08-19,store,1604,147,4,17346,472,Wednesday,False,0,0,1
2026-08-19,online,2538,373,21,43268,2436,Wednesday,False,0,0,1
2026-08-20,store,1972,332,9,31872,864,Thursday,False,0,0,5
2026-08-20,online,5358,0,0,0,0,Thursday,False,0,0,5
2026-08-21,store,1767,139,5,24464,880,Friday,False,0,1,1
2026-08-21,online,1403,0,0,0,0,Friday,False,0,1,1
2026-08-22,store,2418,264,6,21912,498,Saturday,True,0,0,6
2026-08-22,online,3586,463,30,80099,5190,Saturday,True,0,0,6
2026-08-23,store,2746,286,8,52910,1480,Sunday,True,0,0,2
2026-08-23,online,2867,379,23,43206,2622,Sunday,True,0,0,2
2026-08-24,store,2165,237,9,17064,648,Monday,False,0,0,5
2026-08-24,online,4398,345,23,21735,1449,Monday,False,0,0,5
2026-08-25,store,1019,103,3,5871,171,Tuesday,False,0,0,5
2026-08-25,online,3176,265,14,40810,2156,Tuesday,False,0,0,5
2026-08-26,store,1848,303,12,41511,1644,Wednesday,False,0,0,1
2026-08-26,online,2340,188,11,31960,1870,Wednesday,False,0,0,1
2026-08-27,store,1194,151,7,24311,1127,Thursday,False,0,0,2
2026-08-27,online,5740,803,42,135707,7098,Thursday,False,0,0,2
2026-08-28,store,919,138,6,10212,444,Friday,False,0,0,5
2026-08-28,online,3225,0,0,0,0,Friday,False,0,0,5
2026-08-29,store,2644,297,7,51381,1211,Saturday,True,0,0,9
2026-08-29,online,3133,394,24,48068,2928,Saturday,True,0,0,9
2026-08-30,store,2256,299,11,16744,616,Sunday,True,0,0,6
2026-08-30,online,3474,395,23,45030,2622,Sunday,True,0,0,6
2026-08-31,store,2219,328,14,40344,1722,Monday,False,0,0,3
2026-08-31,online,1973,126,9,22680,1620,Monday,False,0,0,3
2026-09-01,store,1787,109,3,12426,342,Tuesday,False,0,0,6
2026-09-01,online,5631,449,26,82167,4758,Tuesday,False,0,0,6
2026-09-02,store,653,98,2,9016,184,Wednesday,False,0,0,9
2026-09-02,online,4341,422,33,39668,3102,Wednesday,False,0,0,9
2026-09-03,store,1180,188,7,9964,371,Thursday,False,0,0,3
2026-09-03,online,3166,463,26,37503,2106,Thursday,False,0,0,3
2026-09-04,store,2163,168,6,10080,360,Friday,False,0,0,10
2026-09-04,online,1719,218,15,21364,1470,Friday,False,0,0,10
2026-09-05,store,2042,147,5,19551,665,Saturday,True,1,0,6
2026-09-05,online,3363,197,10,21670,1100,Saturday,True,1,0,6
2026-09-06,store,3427,556,23,28912,1196,Sunday,True,1,1,6
2026-09-06,online,2544,0,0,0,0,Sunday,True,1,1,6
2026-09-07,store,1183,173,6,21625,750,Monday,False,1,0,6
2026-09-07,online,2454,0,0,0,0,Monday,False,1,0,6
2026-09-08,store,2326,425,15,80750,2850,Tuesday,False,0,1,2
2026-09-08,online,3918,350,25,46550,3325,Tuesday,False,0,1,2
2026-09-09,store,1835,120,2,18360,306,Wednesday,False,0,0,6
2026-09-09,online,3876,339,25,53223,3925,Wednesday,False,0,0,6
2026-09-10,store,2546,253,12,35926,1704,Thursday,False,0,0,9
2026-09-10,online,1658,135,8,18900,1120,Thursday,False,0,0,9
2026-09-11,store,1674,204,6,21828,642,Friday,False,0,0,4
2026-09-11,online,1384,0,0,0,0,Friday,False,0,0,4
2026-09-12,store,2211,205,9,40590,1782,Saturday,True,0,0,2
2026-09-12,online,3551,250,18,22250,1602,Saturday,True,0,0,2
2026-09-13,store,1879,300,10,48300,1610,Sunday,True,0,0,7
2026-09-13,online,5176,506,25,90068,4450,Sunday,True,0,0,7
2026-09-14,store,805,124,5,10292,415,Monday,False,0,1,8
2026-09-14,online,4123,0,0,0,0,Monday,False,0,1,8
2026-09-15,store,1552,181,3,24254,402,Tuesday,False,0,0,9
2026-09-15,online,4872,384,29,72960,5510,Tuesday,False,0,0,9
2026-09-16,store,1165,102,2,9792,192,Wednesday,False,0,0,5
2026-09-16,online,3643,0,0,0,0,Wednesday,False,0,0,5
2026-09-17,store,2076,124,3,7316,177,Thursday,False,0,0,10
2026-09-17,online,4374,292,19,44092,2869,Thursday,False,0,0,10
2026-09-18,store,1988,354,15,60888,2580,Friday,False,0,0,3
2026-09-18,online,5318,763,54,93086,6588,Friday,False,0,0,3
2026-09-19,store,1110,182,7,20748,798,Saturday,True,0,0,4
2026-09-19,online,6185,495,27,65340,3564,Saturday,True,0,0,4
2026-09-20,store,2606,420,9,76860,1647,Sunday,True,0,0,10
2026-09-20,online,4667,423,28,26226,1736,Sunday,True,0,0,10
2026-09-21,store,1992,178,8,9078,408,Monday,False,1,0,3
2026-09-21,online,4954,595,38,96985,6194,Monday,False,1,0,3
2026-09-22,store,1208,164,3,20336,372,Tuesday,False,0,1,2
2026-09-22,online,3411,262,17,43754,2839,Tuesday,False,0,1,2
2026-09-23,store,591,81,1,6642,82,Wednesday,False,0,0,2
2026-09-23,online,2430,307,22,60479,4334,Wednesday,False,0,0,2
2026-09-24,store,1035,174,3,9570,165,Thursday,False,0,0,10
2026-09-24,online,5790,288,17,34560,2040,Thursday,False,0,0,10
2026-09-25,store,875,111,4,9768,352,Friday,False,0,0,9
2026-09-25,online,1412,58,4,7714,532,Friday,False,0,0,9
2026-09-26,store,1893,271,8,39295,1160,Saturday,True,0,0,5
2026-09-26,online,1792,162,10,21384,1320,Saturday,True,0,0,5
2026-09-27,store,2112,362,9,26788,666,Sunday,True,0,0,6
2026-09-27,online,3683,282,14,50196,2492,Sunday,True,0,0,6
2026-09-28,store,1598,206,10,21218,1030,Monday,False,0,0,10
2026-09-28,online,2166,98,7,13916,994,Monday,False,0,0,10
2026-09-29,store,2185,197,7,17336,616,Tuesday,False,0,0,3
2026-09-29,online,1754,201,10,31959,1590,Tuesday,False,0,0,3
2026-09-30,store,857,101,4,13231,524,Wednesday,False,0,0,8
2026-09-30,online,3315,484,36,60984,4536,Wednesday,False,0,0,8
2026-10-01,store,1332,100,4,5700,228,Thursday,False,0,0,6
2026-10-01,online,1690,167,10,26052,1560,Thursday,False,0,0,6
2026-10-02,store,1048,122,5,16348,670,Friday,False,0,0,1
2026-10-02,online,3817,331,19,53953,3097,Friday,False,0,0,1
2026-10-03,store,674,53,1,2809,53,Saturday,True,0,1,2
2026-10-03,online,4285,322,16,37674,1872,Saturday,True,0,1,2
2026-10-04,store,1767,90,2,13590,302,Sunday,True,0,0,3
2026-10-04,online,4109,164,10,23124,1410,Sunday,True,0,0,3
2026-10-05,store,1302,170,3,32130,567,Monday,False,0,1,4
2026-10-05,online,4515,315,20,34650,2200,Monday,False,0,1,4
2026-10-06,store,1834,131,5,23842,910,Tuesday,False,0,1,9
2026-10-06,online,2571,223,13,28767,1677,Tuesday,False,0,1,9
2026-10-07,store,1529,161,5,32039,995,Wednesday,False,0,0,9
2026-10-07,online,3472,372,26,39432,2756,Wednesday,False,0,0,9
2026-10-08,store,1152,140,4,22540,644,Thursday,False,0,0,5
2026-10-08,online,2942,202,14,36966,2562,Thursday,False,0,0,5
2026-10-09,store,788,66,2,11286,342,Friday,False,0,0,6
2026-10-09,online,2673,0,0,0,0,Friday,False,0,0,6
2026-10-10,store,895,66,1,11022,167,Saturday,True,0,0,7
2026-10-10,online,4982,485,32,90210,5952,Saturday,True,0,0,7
2026-10-11,store,832,99,4,14553,588,Sunday,True,0,0,3
2026-10-11,online,2522,0,0,0,0,Sunday,True,0,0,3
2026-10-12,store,1730,247,8,33839,1096,Monday,False,1,0,5
2026-10-12,online,4353,331,17,18536,952,Monday,False,1,0,5
2026-10-13,store,1028,139,5,25020,900,Tuesday,False,0,1,1
2026-10-13,online,4278,469,26,90517,5018,Tuesday,False,0,1,1
2026-10-14,store,1616,213,9,33441,1413,Wednesday,False,0,0,8
2026-10-14,online,3994,222,14,43512,2744,Wednesday,False,0,0,8
2026-10-15,store,638,36,1,7020,195,Thursday,False,0,1,3
2026-10-15,online,3482,0,0,0,0,Thursday,False,0,1,3
2026-10-16,store,791,106,3,10388,294,Friday,False,0,0,8
2026-10-16,online,1684,118,7,8142,483,Friday,False,0,0,8
2026-10-17,store,783,66,2,7128,216,Saturday,True,1,0,3
2026-10-17,online,3998,252,16,43092,2736,Saturday,True,1,0,3
2026-10-18,store,1902,255,7,44115,1211,Sunday,True,0,1,2
2026-10-18,online,2505,0,0,0,0,Sunday,True,0,1,2
2026-10-19,store,1891,236,10,25252,1070,Monday,False,0,0,5
2026-10-19,online,4571,194,13,15132,1014,Monday,False,0,0,5
2026-10-20,store,1424,93,2,16740,360,Tuesday,False,0,0,6
2026-10-20,online,2812,249,19,27639,2109,Tuesday,False,0,0,6
2026-10-21,store,1027,72,2,6408,178,Wednesday,False,0,0,6
2026-10-21,online,4308,212,13,19716,1209,Wednesday,False,0,0,6
2026-10-22,store,1013,64,2,4608,144,Thursday,False,0,0,10
2026-10-22,online,1657,192,12,21120,1320,Thursday,False,0,0,10
2026-10-23,store,1901,147,5,27048,920,Friday,False,0,0,5
2026-10-23,online,4861,173,12,12456,864,Friday,False,0,0,5
2026-10-24,store,1308,113,3,5650,150,Saturday,True,1,0,10
2026-10-24,online,4748,253,12,32384,1536,Saturday,True,1,0,10
2026-10-25,store,1681,156,4,23868,612,Sunday,True,0,0,2
2026-10-25,online,1076,112,8,19488,1392,Sunday,True,0,0,2
2026-10-26,store,798,114,5,12540,550,Monday,False,0,0,4
2026-10-26,online,3505,106,6,20458,1158,Monday,False,0,0,4
2026-10-27,store,958,82,3,7954,291,Tuesday,False,0,0,4
2026-10-27,online,3548,180,9,29340,1467,Tuesday,False,0,0,4
2026-10-28,store,706,71,1,3692,52,Wednesday,False,0,0,7
2026-10-28,online,2231,150,9,17550,1053,Wednesday,False,0,0,7
2026-10-29,store,744,47,1,4559,97,Thursday,False,1,0,2
2026-10-29,online,3258,352,21,27104,1617,Thursday,False,1,0,2
2026-10-30,store,1279,127,5,8001,315,Friday,False,0,0,3
2026-10-30,online,2738,316,23,53404,3887,Friday,False,0,0,3
2026-10-31,store,2910,346,14,68854,2786,Saturday,True,1,0,5
2026-10-31,online,2874,279,20,42687,3060,Saturday,True,1,0,5
2026-11-01,store,1068,186,4,20088,432,Sunday,True,0,0,1
2026-11-01,online,3110,324,20,45036,2780,Sunday,True,0,0,1
2026-11-02,store,2129,227,10,20884,920,Monday,False,0,0,5
2026-11-02,online,5779,794,41,153242,7913,Monday,False,0,0,5
2026-11-03,store,2258,244,10,20984,860,Tuesday,False,0,0,8
2026-11-03,online,3353,458,31,72822,4929,Tuesday,False,0,0,8
2026-11-04,store,2832,457,20,27420,1200,Wednesday,False,0,0,7
2026-11-04,online,5706,278,15,51986,2805,Wednesday,False,0,0,7
2026-11-05,store,1667,203,5,37555,925,Thursday,False,0,0,4
2026-11-05,online,2913,193,10,16405,850,Thursday,False,0,0,4
2026-11-06,store,881,161,3,27048,504,Friday,False,0,1,2
2026-11-06,online,1354,150,11,22200,1628,Friday,False,0,1,2
2026-11-07,store,2838,378,18,21924,1044,Saturday,True,0,0,7
2026-11-07,online,5756,785,52,50240,3328,Saturday,True,0,0,7
2026-11-08,store,2535,474,14,59250,1750,Sunday,True,0,0,1
2026-11-08,online,6006,0,0,0,0,Sunday,True,0,0,1
2026-11-09,store,2023,403,10,56017,1390,Monday,False,0,0,8
2026-11-09,online,1860,214,12,36166,2028,Monday,False,0,0,8
2026-11-10,store,2606,324,15,39204,1815,Tuesday,False,0,0,3
2026-11-10,online,4391,0,0,0,0,Tuesday,False,0,0,3
2026-11-11,store,1101,188,5,33088,880,Wednesday,False,0,1,5
2026-11-11,online,6626,786,54,102180,7020,Wednesday,False,0,1,5
2026-11-12,store,2503,255,12,27540,1296,Thursday,False,0,0,1
2026-11-12,online,5917,853,57,143304,9576,Thursday,False,0,0,1
2026-11-13,store,2567,557,23,34534,1426,Friday,False,0,0,1
2026-11-13,online,3076,136,7,21352,1099,Friday,False,0,0,1
2026-11-14,store,2653,348,11,43152,1364,Saturday,True,0,0,4
2026-11-14,online,3053,215,12,39775,2220,Saturday,True,0,0,4
2026-11-15,store,1108,178,5,11748,330,Sunday,True,0,0,1
2026-11-15,online,3680,279,19,42129,2869,Sunday,True,0,0,1
2026-11-16,store,2436,247,8,27664,896,Monday,False,0,1,6
2026-11-16,online,1636,261,15,22707,1305,Monday,False,0,1,6
2026-11-17,store,3251,644,19,99176,2926,Tuesday,False,1,1,4
2026-11-17,online,3136,0,0,0,0,Tuesday,False,1,1,4
2026-11-18,store,1782,311,14,56291,2534,Wednesday,False,0,0,2
2026-11-18,online,6904,396,22,29304,1628,Wednesday,False,0,0,2
2026-11-19,store,1958,140,6,16240,696,Thursday,False,1,0,8
2026-11-19,online,1515,188,13,17484,1209,Thursday,False,1,0,8
2026-11-20,store,1877,290,8,40020,1104,Friday,False,0,0,2
2026-11-20,online,3716,0,0,0,0,Friday,False,0,0,2
2026-11-21,store,3038,612,14,104040,2380,Saturday,True,0,0,6
2026-11-21,online,5524,621,47,41607,3149,Saturday,True,0,0,6
2026-11-22,store,1158,194,6,21340,660,Sunday,True,0,1,8
2026-11-22,online,1714,83,5,11786,710,Sunday,True,0,1,8
2026-11-23,store,3074,467,17,64913,2363,Monday,False,0,1,2
2026-11-23,online,5952,697,41,105944,6232,Monday,False,0,1,2
2026-11-24,store,3352,261,5,39150,750,Tuesday,False,1,0,2
2026-11-24,online,4757,571,30,40541,2130,Tuesday,False,1,0,2
2026-11-25,store,1636,261,7,33930,910,Wednesday,False,0,0,8
2026-11-25,online,2042,196,14,20188,1442,Wednesday,False,0,0,8
2026-11-26,store,2393,481,11,36075,825,Thursday,False,0,0,5
2026-11-26,online,6588,670,41,44220,2706,Thursday,False,0,0,5
2026-11-27,store,1757,157,5,20410,650,Friday,False,1,1,7
2026-11-27,online,4925,442,29,48620,3190,Friday,False,1,1,7
2026-11-28,store,2780,357,15,57477,2415,Saturday,True,0,1,2
2026-11-28,online,1969,0,0,0,0,Saturday,True,0,1,2
2026-11-29,store,3454,263,7,24722,658,Sunday,True,0,0,2
2026-11-29,online,3088,471,36,37209,2844,Sunday,True,0,0,2
2026-11-30,store,1931,242,8,34606,1144,Monday,False,0,0,5
2026-11-30,online,6625,1088,62,168640,9610,Monday,False,0,0,5
2026-12-01,store,2262,311,9,58468,1692,Tuesday,False,0,0,9
2026-12-01,online,2567,429,33,36036,2772,Tuesday,False,0,0,9
2026-12-02,store,2656,318,13,20034,819,Wednesday,False,1,0,7
2026-12-02,online,1663,139,8,16402,944,Wednesday,False,1,0,7
2026-12-03,store,2038,184,6,19688,642,Thursday,False,0,0,9
2026-12-03,online,2405,129,6,19092,888,Thursday,False,0,0,9
2026-12-04,store,1638,169,4,28730,680,Friday,False,0,1,6
2026-12-04,online,2579,351,19,48789,2641,Friday,False,0,1,6
2026-12-05,store,1167,122,4,9272,304,Saturday,True,1,0,10
2026-12-05,online,2245,0,0,0,0,Saturday,True,1,0,10
2026-12-06,store,2940,314,8,26690,680,Sunday,True,0,1,1
2026-12-06,online,5327,236,16,28320,1920,Sunday,True,0,1,1
2026-12-07,store,1890,196,6,30380,930,Monday,False,0,0,5
2026-12-07,online,5508,702,51,125658,9129,Monday,False,0,0,5
2026-12-08,store,2186,147,4,16317,444,Tuesday,False,0,0,5
2026-12-08,online,4563,314,24,61544,4704,Tuesday,False,0,0,5
2026-12-09,store,918,134,5,23450,875,Wednesday,False,0,1,9
2026-12-09,online,6433,491,34,76105,5270,Wednesday,False,0,1,9
2026-12-10,store,1418,168,7,24192,1008,Thursday,False,0,0,10
2026-12-10,online,3160,434,27,62930,3915,Thursday,False,0,0,10
2026-12-11,store,2091,356,15,56960,2400,Friday,False,0,0,5
2026-12-11,online,1889,125,8,19375,1240,Friday,False,0,0,5
2026-12-12,store,2598,217,6,13237,366,Saturday,True,0,0,4
2026-12-12,online,1768,225,15,17775,1185,Saturday,True,0,0,4
2026-12-13,store,1694,341,10,32736,960,Sunday,True,0,0,10
2026-12-13,online,1897,0,0,0,0,Sunday,True,0,0,10
2026-12-14,store,3137,396,9,27324,621,Monday,False,1,0,9
2026-12-14,online,6018,654,41,69324,4346,Monday,False,1,0,9
2026-12-15,store,3074,279,5,41850,750,Tuesday,False,1,0,5
2026-12-15,online,7372,380,28,26980,1988,Tuesday,False,1,0,5
2026-12-16,store,1412,270,10,42660,1580,Wednesday,False,0,0,4
2026-12-16,online,1568,72,5,13608,945,Wednesday,False,0,0,4
2026-12-17,store,2876,471,22,77715,3630,Thursday,False,0,0,7
2026-12-17,online,5210,597,43,39402,2838,Thursday,False,0,0,7
2026-12-18,store,1909,349,17,41531,2023,Friday,False,0,0,7
2026-12-18,online,3755,392,24,69776,4272,Friday,False,0,0,7
2026-12-19,store,1996,282,10,26790,950,Saturday,True,0,0,7
2026-12-19,online,4155,565,33,67235,3927,Saturday,True,0,0,7
2026-12-20,store,1009,171,6,11799,414,Sunday,True,0,0,1
2026-12-20,online,6623,832,52,158080,9880,Sunday,True,0,0,1
2026-12-21,store,828,114,5,10374,455,Monday,False,0,0,4
2026-12-21,online,2740,0,0,0,0,Monday,False,0,0,4
2026-12-22,store,1697,173,8,31659,1464,Tuesday,False,0,0,7
2026-12-22,online,2612,327,22,33027,2222,Tuesday,False,0,0,7
2026-12-23,store,2817,548,22,54800,2200,Wednesday,False,0,0,7
2026-12-23,online,4182,484,34,49852,3502,Wednesday,False,0,0,7
2026-12-24,store,799,97,3,6984,216,Thursday,False,0,0,1
2026-12-24,online,6457,650,51,40950,3213,Thursday,False,0,0,1
2026-12-25,store,2076,243,7,36693,1057,Friday,False,0,0,1
2026-12-25,online,5267,592,40,33152,2240,Friday,False,0,0,1
2026-12-26,store,1465,189,7,19089,707,Saturday,True,0,1,9
2026-12-26,online,2255,132,8,6996,424,Saturday,True,0,1,9
2026-12-27,store,1271,186,5,31992,860,Sunday,True,0,0,9
2026-12-27,online,4021,0,0,0,0,Sunday,True,0,0,9
2026-12-28,store,1404,112,5,20272,905,Monday,False,0,0,4
2026-12-28,online,5344,288,18,14400,900,Monday,False,0,0,4
2026-12-29,store,1263,209,4,30096,576,Tuesday,False,0,1,10
2026-12-29,online,6986,1151,80,214086,14880,Tuesday,False,0,1,10
2026-12-30,store,1860,154,5,10318,335,Wednesday,False,0,0,1
2026-12-30,online,5043,349,22,50256,3168,Wednesday,False,0,0,1
2026-12-31,store,2520,311,13,56913,2379,Thursday,False,0,1,2
2026-12-31,online,3487,521,35,87528,5880,Thursday,False,0,1,2
